timestamp;samples;totalMass;totalMoisture;load;moisture;meanMoisture;rate;speed;energy_kWh;PCS;N;H;O;nironeCtrlIrp
1656483928.1684337;2;9.263654708862305;-0.04407638549804688;6.152337074279785;-0.016077041625976562;-0.02203819274902344;2.039633274078369;0.2757159173488617;0.04682451871481176;19500;0.1;6;44;{'flagErreur': {'lampOFF': 0, 'regulationError': 0, 'signalOverflow': 0, 'signalUnderflow': 0, 'engineOFF': 0, 'messageNotRefreshed': 0}, 'temperature': 250, 'vitesseMoteur': 32761, 'cmptErrTransmission': 0, 'regul': 150, 'status': 32, 'numRecette': 7, 'modeIrp': 17}
1656483929.1688766;4;10.15400505065918;-0.027644348144531254;6.247856616973877;0.01638450622558594;-0.0069110870361328135;1.9000041484832764;0.19875162839889526;0.051317154080273146;19500;0.1;6;44;{'flagErreur': {'lampOFF': 0, 'regulationError': 0, 'signalOverflow': 0, 'signalUnderflow': 0, 'engineOFF': 0, 'messageNotRefreshed': 0}, 'temperature': 250, 'vitesseMoteur': 32799, 'cmptErrTransmission': 0, 'regul': 150, 'status': 32, 'numRecette': 7, 'modeIrp': 17}
1656483930.1679366;6;13.446687698364258;0.049560165405273436;6.06365442276001;0.045603179931640626;0.008260027567545573;1.9118953943252563;0.4311084747314453;0.0679476640092394;19500;0.1;6;44;{'flagErreur': {'lampOFF': 0, 'regulationError': 0, 'signalOverflow': 0, 'signalUnderflow': 0, 'engineOFF': 0, 'messageNotRefreshed': 0}, 'temperature': 250, 'vitesseMoteur': 32766, 'cmptErrTransmission': 0, 'regul': 150, 'status': 32, 'numRecette': 7, 'modeIrp': 17}
1656483931.1694114;8;15.484346389770508;0.17820068359375;6.193022727966309;0.07018821716308593;0.02227508544921875;1.922032117843628;0.4588911831378937;0.07823320681774142;19500;0.1;6;44;{'flagErreur': {'lampOFF': 0, 'regulationError': 0, 'signalOverflow': 0, 'signalUnderflow': 0, 'engineOFF': 0, 'messageNotRefreshed': 0}, 'temperature': 250, 'vitesseMoteur': 32732, 'cmptErrTransmission': 0, 'regul': 150, 'status': 32, 'numRecette': 7, 'modeIrp': 17}
1656483932.1684399;10;19.925745010375977;0.34961143493652347;6.51302433013916;0.09053955078125;0.03496114349365235;2.345728874206543;0.47328776121139526;0.10066016505847505;19500;0.1;6;44;{'flagErreur': {'lampOFF': 0, 'regulationError': 0, 'signalOverflow': 0, 'signalUnderflow': 0, 'engineOFF': 0, 'messageNotRefreshed': 0}, 'temperature': 250, 'vitesseMoteur': 32763, 'cmptErrTransmission': 0, 'regul': 150, 'status': 32, 'numRecette': 7, 'modeIrp': 17}
1656483933.1684427;12;22.16825294494629;0.5560231018066406;6.60482120513916;0.10714027404785156;0.04633525848388672;2.719365358352661;0.4735364615917206;0.11197602702825266;19500;0.1;6;44;{'flagErreur': {'lampOFF': 0, 'regulationError': 0, 'signalOverflow': 0, 'signalUnderflow': 0, 'engineOFF': 0, 'messageNotRefreshed': 0}, 'temperature': 250, 'vitesseMoteur': 32787, 'cmptErrTransmission': 0, 'regul': 150, 'status': 32, 'numRecette': 7, 'modeIrp': 17}
1656483934.1686134;14;24.379499435424805;0.7899462890625;6.512753486633301;0.12017013549804688;0.056424734933035715;2.937488555908203;0.4735364615917206;0.1231330029488527;19500;0.1;6;44;{'flagErreur': {'lampOFF': 0, 'regulationError': 0, 'signalOverflow': 0, 'signalUnderflow': 0, 'engineOFF': 0, 'messageNotRefreshed': 0}, 'temperature': 250, 'vitesseMoteur': 32780, 'cmptErrTransmission': 0, 'regul': 150, 'status': 32, 'numRecette': 7, 'modeIrp': 17}
1656483935.1686633;16;28.825782775878906;1.0463969421386718;6.521351337432861;0.13086532592773437;0.06539980888366699;3.0884575843811035;0.4727911353111267;0.14557665694052715;19500;0.1;6;44;{'flagErreur': {'lampOFF': 0, 'regulationError': 0, 'signalOverflow': 0, 'signalUnderflow': 0, 'engineOFF': 0, 'messageNotRefreshed': 0}, 'temperature': 250, 'vitesseMoteur': 32743, 'cmptErrTransmission': 0, 'regul': 151, 'status': 32, 'numRecette': 7, 'modeIrp': 17}
1656483936.1689618;18;30.849645614624023;1.321664581298828;5.967118740081787;0.13963882446289064;0.07342581007215711;3.0375497341156006;0.47303929924964905;0.15578508809197805;19500;0.1;6;44;{'flagErreur': {'lampOFF': 0, 'regulationError': 0, 'signalOverflow': 0, 'signalUnderflow': 0, 'engineOFF': 0, 'messageNotRefreshed': 0}, 'temperature': 250, 'vitesseMoteur': 32758, 'cmptErrTransmission': 0, 'regul': 150, 'status': 32, 'numRecette': 7, 'modeIrp': 17}
1656483937.1726449;20;35.015933990478516;1.6122447204589843;5.918038845062256;0.1470294189453125;0.08061223602294922;2.9723525047302246;0.47328776121139526;0.17681135133727238;19500;0.1;6;44;{'flagErreur': {'lampOFF': 0, 'regulationError': 0, 'signalOverflow': 0, 'signalUnderflow': 0, 'engineOFF': 0, 'messageNotRefreshed': 0}, 'temperature': 250, 'vitesseMoteur': 32791, 'cmptErrTransmission': 0, 'regul': 150, 'status': 32, 'numRecette': 7, 'modeIrp': 17}
1656483938.1690044;22;37.11396026611328;1.9151745605468748;6.189028263092041;0.15283493041992188;0.08705338911576704;2.973947286605835;0.4727911353111267;0.18739314167704604;19500;0.1;6;44;{'flagErreur': {'lampOFF': 0, 'regulationError': 0, 'signalOverflow': 0, 'signalUnderflow': 0, 'engineOFF': 0, 'messageNotRefreshed': 0}, 'temperature': 250, 'vitesseMoteur': 32773, 'cmptErrTransmission': 0, 'regul': 150, 'status': 32, 'numRecette': 7, 'modeIrp': 17}
1656483939.173502;24;39.208885192871094;2.2279843139648436;6.176640033721924;0.15751068115234376;0.09283267974853515;2.919092893600464;0.47303929924964905;0.1979592194440147;19500;0.1;6;44;{'flagErreur': {'lampOFF': 0, 'regulationError': 0, 'signalOverflow': 0, 'signalUnderflow': 0, 'engineOFF': 0, 'messageNotRefreshed': 0}, 'temperature': 250, 'vitesseMoteur': 32746, 'cmptErrTransmission': 0, 'regul': 150, 'status': 32, 'numRecette': 7, 'modeIrp': 17}
1656483940.169435;26;43.414947509765625;2.548422088623047;6.265525817871094;0.16109817504882812;0.0980162341778095;2.9155898094177246;0.4727911353111267;0.2191835491070817;19500;0.1;6;44;{'flagErreur': {'lampOFF': 0, 'regulationError': 0, 'signalOverflow': 0, 'signalUnderflow': 0, 'engineOFF': 0, 'messageNotRefreshed': 0}, 'temperature': 250, 'vitesseMoteur': 32750, 'cmptErrTransmission': 0, 'regul': 151, 'status': 32, 'numRecette': 7, 'modeIrp': 17}
1656483941.1725442;28;45.56956481933594;2.8750531005859377;6.355968475341797;0.16401092529296876;0.1026804678780692;2.9027841091156006;0.4727911353111267;0.23005053717849513;19500;0.1;6;44;{'flagErreur': {'lampOFF': 0, 'regulationError': 0, 'signalOverflow': 0, 'signalUnderflow': 0, 'engineOFF': 0, 'messageNotRefreshed': 0}, 'temperature': 250, 'vitesseMoteur': 32796, 'cmptErrTransmission': 0, 'regul': 151, 'status': 32, 'numRecette': 7, 'modeIrp': 17}
1656483942.1704266;30;49.8193244934082;3.2068574523925784;6.659452438354492;0.16652908325195312;0.10689524841308594;2.9798672199249268;0.47303929924964905;0.25149413223692174;19500;0.1;6;44;{'flagErreur': {'lampOFF': 0, 'regulationError': 0, 'signalOverflow': 0, 'signalUnderflow': 0, 'engineOFF': 0, 'messageNotRefreshed': 0}, 'temperature': 250, 'vitesseMoteur': 32782, 'cmptErrTransmission': 0, 'regul': 150, 'status': 32, 'numRecette': 7, 'modeIrp': 17}
1656483943.1704931;32;52.15771484375;3.543223114013672;6.898082733154297;0.1686834716796875;0.11072572231292725;2.963468074798584;0.4727911353111267;0.26328850695192435;19500;0.1;6;44;{'flagErreur': {'lampOFF': 0, 'regulationError': 0, 'signalOverflow': 0, 'signalUnderflow': 0, 'engineOFF': 0, 'messageNotRefreshed': 0}, 'temperature': 250, 'vitesseMoteur': 32740, 'cmptErrTransmission': 0, 'regul': 151, 'status': 32, 'numRecette': 7, 'modeIrp': 17}
1656483944.1707678;34;54.39136505126953;3.883738403320313;6.5925679206848145;0.17076751708984375;0.11422760009765626;2.992283344268799;0.47254320979118347;0.27455417893317496;19500;0.1;6;44;{'flagErreur': {'lampOFF': 0, 'regulationError': 0, 'signalOverflow': 0, 'signalUnderflow': 0, 'engineOFF': 0, 'messageNotRefreshed': 0}, 'temperature': 250, 'vitesseMoteur': 32741, 'cmptErrTransmission': 0, 'regul': 151, 'status': 32, 'numRecette': 7, 'modeIrp': 17}
1656483945.1691196;36;58.739349365234375;4.227693023681641;6.422784805297852;0.17233963012695314;0.11743591732449003;3.058414936065674;0.4727911353111267;0.29649219362548396;19500;0.1;6;44;{'flagErreur': {'lampOFF': 0, 'regulationError': 0, 'signalOverflow': 0, 'signalUnderflow': 0, 'engineOFF': 0, 'messageNotRefreshed': 0}, 'temperature': 250, 'vitesseMoteur': 32788, 'cmptErrTransmission': 0, 'regul': 150, 'status': 32, 'numRecette': 7, 'modeIrp': 17}
1656483946.1683772;38;60.929466247558594;4.574476776123047;6.460694789886475;0.1737030029296875;0.12038096779271178;3.1124560832977295;0.4727911353111267;0.30753792697923316;19500;0.1;6;44;{'flagErreur': {'lampOFF': 0, 'regulationError': 0, 'signalOverflow': 0, 'signalUnderflow': 0, 'engineOFF': 0, 'messageNotRefreshed': 0}, 'temperature': 250, 'vitesseMoteur': 32780, 'cmptErrTransmission': 0, 'regul': 151, 'status': 32, 'numRecette': 7, 'modeIrp': 17}
1656483947.1704414;40;63.004798889160156;4.923583526611329;6.122076511383057;0.1748388671875;0.12308958816528322;3.057727575302124;0.4727911353111267;0.31800441169443355;19500;0.1;6;44;{'flagErreur': {'lampOFF': 0, 'regulationError': 0, 'signalOverflow': 0, 'signalUnderflow': 0, 'engineOFF': 0, 'messageNotRefreshed': 0}, 'temperature': 250, 'vitesseMoteur': 32741, 'cmptErrTransmission': 0, 'regul': 151, 'status': 32, 'numRecette': 7, 'modeIrp': 17}
1656483948.1694493;42;67.2049789428711;5.274751281738282;6.026421070098877;0.17581939697265625;0.12558931623186384;2.9655637741088867;0.47478392720222473;0.33919549878787425;19500;0.1;6;44;{'flagErreur': {'lampOFF': 0, 'regulationError': 0, 'signalOverflow': 0, 'signalUnderflow': 0, 'engineOFF': 0, 'messageNotRefreshed': 0}, 'temperature': 250, 'vitesseMoteur': 32755, 'cmptErrTransmission': 0, 'regul': 151, 'status': 32, 'numRecette': 7, 'modeIrp': 17}
1656483949.1689723;44;69.37030029296875;5.62765365600586;6.38419771194458;0.17664413452148436;0.12790121945467864;2.991420269012451;0.47303929924964905;0.3501161457033342;19500;0.1;6;44;{'flagErreur': {'lampOFF': 0, 'regulationError': 0, 'signalOverflow': 0, 'signalUnderflow': 0, 'engineOFF': 0, 'messageNotRefreshed': 0}, 'temperature': 250, 'vitesseMoteur': 32800, 'cmptErrTransmission': 0, 'regul': 151, 'status': 32, 'numRecette': 7, 'modeIrp': 17}
1656483950.1694126;46;73.5533676147461;5.981946563720703;5.823399066925049;0.1773028564453125;0.13004231660262397;2.8963704109191895;0.47303929924964905;0.3712203729188996;19500;0.1;6;44;{'flagErreur': {'lampOFF': 0, 'regulationError': 0, 'signalOverflow': 0, 'signalUnderflow': 0, 'engineOFF': 0, 'messageNotRefreshed': 0}, 'temperature': 250, 'vitesseMoteur': 32780, 'cmptErrTransmission': 0, 'regul': 151, 'status': 32, 'numRecette': 7, 'modeIrp': 17}
1656483951.1678908;48;75.62836456298828;6.3372500610351565;6.095404148101807;0.1777471923828125;0.13202604293823242;2.952770948410034;0.47478392720222473;0.38168519273471324;19500;0.1;6;44;{'flagErreur': {'lampOFF': 0, 'regulationError': 0, 'signalOverflow': 0, 'signalUnderflow': 0, 'engineOFF': 0, 'messageNotRefreshed': 0}, 'temperature': 250, 'vitesseMoteur': 32747, 'cmptErrTransmission': 0, 'regul': 151, 'status': 32, 'numRecette': 7, 'modeIrp': 17}
1656483952.1692424;50;77.6828842163086;6.693347778320312;6.057493686676025;0.17814910888671875;0.13386695556640624;2.907703399658203;0.47303929924964905;0.3920468135338061;19500;0.1;6;44;{'flagErreur': {'lampOFF': 0, 'regulationError': 0, 'signalOverflow': 0, 'signalUnderflow': 0, 'engineOFF': 0, 'messageNotRefreshed': 0}, 'temperature': 250, 'vitesseMoteur': 32745, 'cmptErrTransmission': 0, 'regul': 151, 'status': 32, 'numRecette': 7, 'modeIrp': 17}
1656483953.1680121;52;81.80419921875;7.05034927368164;5.885815143585205;0.1786370849609375;0.13558363987849306;2.867103099822998;0.47303929924964905;0.41283899178699307;19500;0.1;6;44;{'flagErreur': {'lampOFF': 0, 'regulationError': 0, 'signalOverflow': 0, 'signalUnderflow': 0, 'engineOFF': 0, 'messageNotRefreshed': 0}, 'temperature': 250, 'vitesseMoteur': 32791, 'cmptErrTransmission': 0, 'regul': 151, 'status': 32, 'numRecette': 7, 'modeIrp': 17}
1656483954.1681736;54;83.90792846679688;7.408326110839843;6.183071136474609;0.17911117553710937;0.1371912242748119;2.8738536834716797;0.47453391551971436;0.42344899823478294;19500;0.1;6;44;{'flagErreur': {'lampOFF': 0, 'regulationError': 0, 'signalOverflow': 0, 'signalUnderflow': 0, 'engineOFF': 0, 'messageNotRefreshed': 0}, 'temperature': 250, 'vitesseMoteur': 32780, 'cmptErrTransmission': 0, 'regul': 151, 'status': 32, 'numRecette': 7, 'modeIrp': 17}
1656483955.1682992;56;88.27410888671875;7.767348632812499;6.3118977546691895;0.17964187622070313;0.13870265415736607;2.9003164768218994;0.47478392720222473;0.4454765736453048;19500;0.1;6;44;{'flagErreur': {'lampOFF': 0, 'regulationError': 0, 'signalOverflow': 0, 'signalUnderflow': 0, 'engineOFF': 0, 'messageNotRefreshed': 0}, 'temperature': 250, 'vitesseMoteur': 32747, 'cmptErrTransmission': 0, 'regul': 151, 'status': 32, 'numRecette': 7, 'modeIrp': 17}
1656483956.1678545;58;90.38971710205078;8.127329254150391;6.231068134307861;0.18010513305664064;0.14012636645086882;2.92734956741333;0.4735364615917206;0.45614650918433114;19500;0.1;6;44;{'flagErreur': {'lampOFF': 0, 'regulationError': 0, 'signalOverflow': 0, 'signalUnderflow': 0, 'engineOFF': 0, 'messageNotRefreshed': 0}, 'temperature': 250, 'vitesseMoteur': 32748, 'cmptErrTransmission': 0, 'regul': 151, 'status': 32, 'numRecette': 7, 'modeIrp': 17}
1656483957.1684744;60;92.46414947509766;8.488025360107422;6.09696102142334;0.18041748046875;0.1414670893351237;2.9310100078582764;0.47453391551971436;0.466608739640202;19500;0.1;6;44;{'flagErreur': {'lampOFF': 0, 'regulationError': 0, 'signalOverflow': 0, 'signalUnderflow': 0, 'engineOFF': 0, 'messageNotRefreshed': 0}, 'temperature': 250, 'vitesseMoteur': 32774, 'cmptErrTransmission': 0, 'regul': 151, 'status': 32, 'numRecette': 7, 'modeIrp': 17}
1656483958.1679277;62;96.691650390625;8.849158935546875;5.7785162925720215;0.18060302734375;0.1427283699281754;2.9256091117858887;0.4742841422557831;0.4879361217513699;19500;0.1;6;44;{'flagErreur': {'lampOFF': 0, 'regulationError': 0, 'signalOverflow': 0, 'signalUnderflow': 0, 'engineOFF': 0, 'messageNotRefreshed': 0}, 'temperature': 260, 'vitesseMoteur': 32808, 'cmptErrTransmission': 0, 'regul': 151, 'status': 32, 'numRecette': 7, 'modeIrp': 17}
1656483959.1711478;64;98.75845336914062;9.21062728881836;6.0937113761901855;0.18077484130859375;0.14391605138778688;2.9673187732696533;0.47303929924964905;0.49835991655850065;19500;0.1;6;44;{'flagErreur': {'lampOFF': 0, 'regulationError': 0, 'signalOverflow': 0, 'signalUnderflow': 0, 'engineOFF': 0, 'messageNotRefreshed': 0}, 'temperature': 260, 'vitesseMoteur': 32767, 'cmptErrTransmission': 0, 'regul': 151, 'status': 32, 'numRecette': 7, 'modeIrp': 17}
1656483960.1690524;66;102.8971176147461;9.572376556396485;6.191939353942871;0.18090362548828126;0.14503600843024977;2.911771297454834;0.47303929924964905;0.519238822463609;19500;0.1;6;44;{'flagErreur': {'lampOFF': 0, 'regulationError': 0, 'signalOverflow': 0, 'signalUnderflow': 0, 'engineOFF': 0, 'messageNotRefreshed': 0}, 'temperature': 260, 'vitesseMoteur': 32732, 'cmptErrTransmission': 0, 'regul': 151, 'status': 32, 'numRecette': 7, 'modeIrp': 17}
1656483961.1684847;68;105.03921508789062;9.93428970336914;6.197422981262207;0.18097427368164062;0.14609249563778148;2.9036524295806885;0.47478392720222473;0.5300426464154214;19500;0.1;6;44;{'flagErreur': {'lampOFF': 0, 'regulationError': 0, 'signalOverflow': 0, 'signalUnderflow': 0, 'engineOFF': 0, 'messageNotRefreshed': 0}, 'temperature': 260, 'vitesseMoteur': 32743, 'cmptErrTransmission': 0, 'regul': 151, 'status': 32, 'numRecette': 7, 'modeIrp': 17}
1656483962.169349;70;107.31695556640625;10.296421356201172;6.715640544891357;0.18110549926757813;0.14709173366001674;2.9136459827423096;0.47303929924964905;0.5415310186464884;19500;0.1;6;44;{'flagErreur': {'lampOFF': 0, 'regulationError': 0, 'signalOverflow': 0, 'signalUnderflow': 0, 'engineOFF': 0, 'messageNotRefreshed': 0}, 'temperature': 260, 'vitesseMoteur': 32785, 'cmptErrTransmission': 0, 'regul': 150, 'status': 32, 'numRecette': 7, 'modeIrp': 17}
1656483963.167848;72;111.59740447998047;10.658692016601563;6.4949493408203125;0.18113754272460938;0.14803738911946615;2.9916396141052246;0.4727911353111267;0.5631252089063409;19500;0.1;6;44;{'flagErreur': {'lampOFF': 0, 'regulationError': 0, 'signalOverflow': 0, 'signalUnderflow': 0, 'engineOFF': 0, 'messageNotRefreshed': 0}, 'temperature': 260, 'vitesseMoteur': 32807, 'cmptErrTransmission': 0, 'regul': 150, 'status': 32, 'numRecette': 7, 'modeIrp': 17}
1656483964.1682386;74;113.75120544433594;11.020899353027344;6.234588146209717;0.18110107421875;0.14893107233820735;2.9811885356903076;0.47453391551971436;0.5739882351986987;19500;0.1;6;44;{'flagErreur': {'lampOFF': 0, 'regulationError': 0, 'signalOverflow': 0, 'signalUnderflow': 0, 'engineOFF': 0, 'messageNotRefreshed': 0}, 'temperature': 260, 'vitesseMoteur': 32771, 'cmptErrTransmission': 0, 'regul': 150, 'status': 32, 'numRecette': 7, 'modeIrp': 17}
1656483965.1689801;76;115.89368438720703;11.383037872314455;6.316839694976807;0.18106155395507811;0.14977681410940072;3.015451431274414;0.47303929924964905;0.5847942174705607;19500;0.1;6;44;{'flagErreur': {'lampOFF': 0, 'regulationError': 0, 'signalOverflow': 0, 'signalUnderflow': 0, 'engineOFF': 0, 'messageNotRefreshed': 0}, 'temperature': 260, 'vitesseMoteur': 32738, 'cmptErrTransmission': 0, 'regul': 150, 'status': 32, 'numRecette': 7, 'modeIrp': 17}
1656483966.1687539;78;120.41566467285156;11.745067291259767;6.534552097320557;0.18099594116210938;0.15057778578538164;3.0012118816375732;0.4727911353111267;0.6076070419958083;19500;0.1;6;44;{'flagErreur': {'lampOFF': 0, 'regulationError': 0, 'signalOverflow': 0, 'signalUnderflow': 0, 'engineOFF': 0, 'messageNotRefreshed': 0}, 'temperature': 260, 'vitesseMoteur': 32737, 'cmptErrTransmission': 0, 'regul': 150, 'status': 32, 'numRecette': 7, 'modeIrp': 17}
1656483967.1689277;80;122.53386688232422;12.106968231201174;6.232151031494141;0.1809405517578125;0.15133710289001467;3.028316020965576;0.4740346670150757;0.6182905991412854;19500;0.1;6;44;{'flagErreur': {'lampOFF': 0, 'regulationError': 0, 'signalOverflow': 0, 'signalUnderflow': 0, 'engineOFF': 0, 'messageNotRefreshed': 0}, 'temperature': 260, 'vitesseMoteur': 32773, 'cmptErrTransmission': 0, 'regul': 150, 'status': 32, 'numRecette': 7, 'modeIrp': 17}
1656483968.1692767;82;127.09219360351562;12.469052124023438;6.731278419494629;0.18108871459960937;0.1520616112685785;3.0795364379882812;0.47478392720222473;0.6412866873532916;19500;0.1;6;44;{'flagErreur': {'lampOFF': 0, 'regulationError': 0, 'signalOverflow': 0, 'signalUnderflow': 0, 'engineOFF': 0, 'messageNotRefreshed': 0}, 'temperature': 260, 'vitesseMoteur': 32811, 'cmptErrTransmission': 0, 'regul': 150, 'status': 32, 'numRecette': 7, 'modeIrp': 17}
1656483969.1680994;84;129.12147521972656;12.831552581787111;5.889606475830078;0.1813037109375;0.15275657835460846;3.0325465202331543;0.47328776121139526;0.6515215738341643;19500;0.1;6;44;{'flagErreur': {'lampOFF': 0, 'regulationError': 0, 'signalOverflow': 0, 'signalUnderflow': 0, 'engineOFF': 0, 'messageNotRefreshed': 0}, 'temperature': 260, 'vitesseMoteur': 32787, 'cmptErrTransmission': 0, 'regul': 150, 'status': 32, 'numRecette': 7, 'modeIrp': 17}
1656483970.1677232;86;131.2843780517578;13.19456039428711;6.356983661651611;0.18158309936523437;0.1534251208638036;3.083566188812256;0.47453391551971436;0.6624307148155179;19500;0.1;6;44;{'flagErreur': {'lampOFF': 0, 'regulationError': 0, 'signalOverflow': 0, 'signalUnderflow': 0, 'engineOFF': 0, 'messageNotRefreshed': 0}, 'temperature': 260, 'vitesseMoteur': 32757, 'cmptErrTransmission': 0, 'regul': 150, 'status': 32, 'numRecette': 7, 'modeIrp': 17}
1656483971.1691632;88;135.36087036132812;13.55808334350586;5.952293395996094;0.18181015014648438;0.15406912890347568;2.997227907180786;0.47453391551971436;0.6829953442520242;19500;0.1;6;44;{'flagErreur': {'lampOFF': 0, 'regulationError': 0, 'signalOverflow': 0, 'signalUnderflow': 0, 'engineOFF': 0, 'messageNotRefreshed': 0}, 'temperature': 260, 'vitesseMoteur': 32730, 'cmptErrTransmission': 0, 'regul': 150, 'status': 32, 'numRecette': 7, 'modeIrp': 17}
1656483972.1685166;90;137.48226928710938;13.92202621459961;6.156940460205078;0.18202606201171875;0.1546891801622179;2.954982280731201;0.47328776121139526;0.6936950514605477;19500;0.1;6;44;{'flagErreur': {'lampOFF': 0, 'regulationError': 0, 'signalOverflow': 0, 'signalUnderflow': 0, 'engineOFF': 0, 'messageNotRefreshed': 0}, 'temperature': 260, 'vitesseMoteur': 32747, 'cmptErrTransmission': 0, 'regul': 150, 'status': 32, 'numRecette': 7, 'modeIrp': 17}
1656483973.1693685;92;141.53375244140625;14.286280059814453;5.959469318389893;0.1821649169921875;0.15528565282407014;2.8873276710510254;0.47328776121139526;0.714133370592468;19500;0.1;6;44;{'flagErreur': {'lampOFF': 0, 'regulationError': 0, 'signalOverflow': 0, 'signalUnderflow': 0, 'engineOFF': 0, 'messageNotRefreshed': 0}, 'temperature': 260, 'vitesseMoteur': 32788, 'cmptErrTransmission': 0, 'regul': 150, 'status': 32, 'numRecette': 7, 'modeIrp': 17}
1656483974.168231;94;143.64585876464844;14.650609588623048;6.113885402679443;0.18216171264648437;0.1558575488151388;2.866158962249756;0.47453391551971436;0.7247862163971979;19500;0.1;6;44;{'flagErreur': {'lampOFF': 0, 'regulationError': 0, 'signalOverflow': 0, 'signalUnderflow': 0, 'engineOFF': 0, 'messageNotRefreshed': 0}, 'temperature': 260, 'vitesseMoteur': 32810, 'cmptErrTransmission': 0, 'regul': 150, 'status': 32, 'numRecette': 7, 'modeIrp': 17}
1656483975.1694555;96;145.7100830078125;15.014905395507814;6.086129665374756;0.182147216796875;0.15640526453653972;2.8536300659179688;0.47303929924964905;0.7351975235835495;19500;0.1;6;44;{'flagErreur': {'lampOFF': 0, 'regulationError': 0, 'signalOverflow': 0, 'signalUnderflow': 0, 'engineOFF': 0, 'messageNotRefreshed': 0}, 'temperature': 260, 'vitesseMoteur': 32767, 'cmptErrTransmission': 0, 'regul': 150, 'status': 32, 'numRecette': 7, 'modeIrp': 17}
1656483976.1679127;98;149.97215270996094;15.379196929931641;6.292469024658203;0.18216293334960937;0.15693058091766982;2.8817951679229736;0.47328776121139526;0.7566983156270611;19500;0.1;6;44;{'flagErreur': {'lampOFF': 0, 'regulationError': 0, 'signalOverflow': 0, 'signalUnderflow': 0, 'engineOFF': 0, 'messageNotRefreshed': 0}, 'temperature': 260, 'vitesseMoteur': 32733, 'cmptErrTransmission': 0, 'regul': 150, 'status': 32, 'numRecette': 7, 'modeIrp': 17}
1656483977.1717186;100;152.10507202148438;15.74349319458008;6.164386749267578;0.18213836669921876;0.1574349319458008;2.8993515968322754;0.47528475522994995;0.7674562745592775;19500;0.1;6;44;{'flagErreur': {'lampOFF': 0, 'regulationError': 0, 'signalOverflow': 0, 'signalUnderflow': 0, 'engineOFF': 0, 'messageNotRefreshed': 0}, 'temperature': 260, 'vitesseMoteur': 32747, 'cmptErrTransmission': 0, 'regul': 150, 'status': 32, 'numRecette': 7, 'modeIrp': 17}
1656483978.169362;102;156.39657592773438;16.10785614013672;6.47585916519165;0.18220458984375;0.15792015823663452;2.965549945831299;0.47478392720222473;0.7891055032689452;19500;0.1;6;44;{'flagErreur': {'lampOFF': 0, 'regulationError': 0, 'signalOverflow': 0, 'signalUnderflow': 0, 'engineOFF': 0, 'messageNotRefreshed': 0}, 'temperature': 260, 'vitesseMoteur': 32794, 'cmptErrTransmission': 0, 'regul': 150, 'status': 32, 'numRecette': 7, 'modeIrp': 17}
1656483979.1679735;104;158.46836853027344;16.472397003173832;6.114832878112793;0.18229644775390624;0.1583884327228253;2.9348793029785156;0.47254320979118347;0.7995550649072496;19500;0.1;6;44;{'flagErreur': {'lampOFF': 0, 'regulationError': 0, 'signalOverflow': 0, 'signalUnderflow': 0, 'engineOFF': 0, 'messageNotRefreshed': 0}, 'temperature': 260, 'vitesseMoteur': 32785, 'cmptErrTransmission': 0, 'regul': 150, 'status': 32, 'numRecette': 7, 'modeIrp': 17}
1656483980.1697378;106;160.545166015625;16.8370297241211;6.011663436889648;0.18230865478515626;0.1588399030577462;2.949219226837158;0.47453391551971436;0.8100299169865561;19500;0.1;6;44;{'flagErreur': {'lampOFF': 0, 'regulationError': 0, 'signalOverflow': 0, 'signalUnderflow': 0, 'engineOFF': 0, 'messageNotRefreshed': 0}, 'temperature': 260, 'vitesseMoteur': 32758, 'cmptErrTransmission': 0, 'regul': 150, 'status': 32, 'numRecette': 7, 'modeIrp': 17}
1656483981.1698987;108;164.7105712890625;17.201606597900394;6.323677062988281;0.18228759765625;0.1592741351657444;2.946002244949341;0.47478392720222473;0.8310428313881579;19500;0.1;6;44;{'flagErreur': {'lampOFF': 0, 'regulationError': 0, 'signalOverflow': 0, 'signalUnderflow': 0, 'engineOFF': 0, 'messageNotRefreshed': 0}, 'temperature': 260, 'vitesseMoteur': 32733, 'cmptErrTransmission': 0, 'regul': 150, 'status': 32, 'numRecette': 7, 'modeIrp': 17}
1656483982.1686873;110;166.78549194335938;17.566035308837893;6.028384208679199;0.18217086791992188;0.1596912300803445;2.894836187362671;0.4727911353111267;0.841508268444135;19500;0.1;6;44;{'flagErreur': {'lampOFF': 0, 'regulationError': 0, 'signalOverflow': 0, 'signalUnderflow': 0, 'engineOFF': 0, 'messageNotRefreshed': 0}, 'temperature': 260, 'vitesseMoteur': 32759, 'cmptErrTransmission': 0, 'regul': 150, 'status': 32, 'numRecette': 7, 'modeIrp': 17}
1656483983.1696503;112;168.8528289794922;17.929895629882814;6.079292297363281;0.18184494018554687;0.1600883538382394;2.887014627456665;0.4742841422557831;0.8519355259308099;19500;0.1;6;44;{'flagErreur': {'lampOFF': 0, 'regulationError': 0, 'signalOverflow': 0, 'signalUnderflow': 0, 'engineOFF': 0, 'messageNotRefreshed': 0}, 'temperature': 260, 'vitesseMoteur': 32791, 'cmptErrTransmission': 0, 'regul': 150, 'status': 32, 'numRecette': 7, 'modeIrp': 17}
1656483984.169656;114;173.03878784179688;18.293160552978517;6.468547821044922;0.18156829833984375;0.16046632064016242;2.922828197479248;0.47478392720222473;0.8730521885990853;19500;0.1;6;44;{'flagErreur': {'lampOFF': 0, 'regulationError': 0, 'signalOverflow': 0, 'signalUnderflow': 0, 'engineOFF': 0, 'messageNotRefreshed': 0}, 'temperature': 260, 'vitesseMoteur': 32789, 'cmptErrTransmission': 0, 'regul': 150, 'status': 32, 'numRecette': 7, 'modeIrp': 17}
1656483985.1695783;116;175.13674926757812;18.656053924560545;6.092154502868652;0.181414794921875;0.1608280510737978;2.876936197280884;0.47303929924964905;0.8836340650937058;19500;0.1;6;44;{'flagErreur': {'lampOFF': 0, 'regulationError': 0, 'signalOverflow': 0, 'signalUnderflow': 0, 'engineOFF': 0, 'messageNotRefreshed': 0}, 'temperature': 260, 'vitesseMoteur': 32747, 'cmptErrTransmission': 0, 'regul': 150, 'status': 32, 'numRecette': 7, 'modeIrp': 17}
1656483986.168264;118;179.65504455566406;19.018687896728515;6.919813632965088;0.18128982543945313;0.16117532115871624;2.974984645843506;0.4727911353111267;0.9064274921144252;19500;0.1;6;44;{'flagErreur': {'lampOFF': 0, 'regulationError': 0, 'signalOverflow': 0, 'signalUnderflow': 0, 'engineOFF': 0, 'messageNotRefreshed': 0}, 'temperature': 260, 'vitesseMoteur': 32736, 'cmptErrTransmission': 0, 'regul': 150, 'status': 32, 'numRecette': 7, 'modeIrp': 17}
1656483987.169014;120;181.91671752929688;19.38102310180664;6.650787353515625;0.1811236572265625;0.16150852584838868;2.9808757305145264;0.4742841422557831;0.9178354183642998;19500;0.1;6;44;{'flagErreur': {'lampOFF': 0, 'regulationError': 0, 'signalOverflow': 0, 'signalUnderflow': 0, 'engineOFF': 0, 'messageNotRefreshed': 0}, 'temperature': 260, 'vitesseMoteur': 32775, 'cmptErrTransmission': 0, 'regul': 150, 'status': 32, 'numRecette': 7, 'modeIrp': 17}
1656483988.1685436;122;184.308837890625;19.74289321899414;6.9499382972717285;0.18089065551757813;0.16182699359831262;3.1081037521362305;0.4727911353111267;0.9299015576866899;19500;0.1;6;44;{'flagErreur': {'lampOFF': 0, 'regulationError': 0, 'signalOverflow': 0, 'signalUnderflow': 0, 'engineOFF': 0, 'messageNotRefreshed': 0}, 'temperature': 260, 'vitesseMoteur': 32813, 'cmptErrTransmission': 0, 'regul': 150, 'status': 32, 'numRecette': 7, 'modeIrp': 17}
1656483989.1677513;124;188.4725799560547;20.104648895263672;6.0007643699646;0.18089675903320312;0.16213426528438446;3.1160976886749268;0.47303929924964905;0.9509061397300199;19500;0.1;6;44;{'flagErreur': {'lampOFF': 0, 'regulationError': 0, 'signalOverflow': 0, 'signalUnderflow': 0, 'engineOFF': 0, 'messageNotRefreshed': 0}, 'temperature': 260, 'vitesseMoteur': 32779, 'cmptErrTransmission': 0, 'regul': 150, 'status': 32, 'numRecette': 7, 'modeIrp': 17}
1656483990.1678848;126;190.58544921875;20.46658172607422;6.116119384765625;0.18099609375;0.16243318830217635;3.116546392440796;0.47453391551971436;0.9615633770342326;19500;0.1;6;44;{'flagErreur': {'lampOFF': 0, 'regulationError': 0, 'signalOverflow': 0, 'signalUnderflow': 0, 'engineOFF': 0, 'messageNotRefreshed': 0}, 'temperature': 260, 'vitesseMoteur': 32742, 'cmptErrTransmission': 0, 'regul': 150, 'status': 32, 'numRecette': 7, 'modeIrp': 17}
1656483991.1684306;128;194.74549865722656;20.828624114990237;5.784879684448242;0.18102035522460938;0.16272362589836123;2.947803497314453;0.4742841422557831;0.9825492692503047;19500;0.1;6;44;{'flagErreur': {'lampOFF': 0, 'regulationError': 0, 'signalOverflow': 0, 'signalUnderflow': 0, 'engineOFF': 0, 'messageNotRefreshed': 0}, 'temperature': 260, 'vitesseMoteur': 32739, 'cmptErrTransmission': 0, 'regul': 150, 'status': 32, 'numRecette': 7, 'modeIrp': 17}
1656483992.168298;130;196.71875;21.1906071472168;5.814869403839111;0.18098098754882813;0.16300467036320615;2.903982639312744;0.47328776121139526;0.9925021145884723;19500;0.1;6;44;{'flagErreur': {'lampOFF': 0, 'regulationError': 0, 'signalOverflow': 0, 'signalUnderflow': 0, 'engineOFF': 0, 'messageNotRefreshed': 0}, 'temperature': 260, 'vitesseMoteur': 32785, 'cmptErrTransmission': 0, 'regul': 150, 'status': 32, 'numRecette': 7, 'modeIrp': 17}
1656483993.1680868;132;198.88320922851562;21.552471923828126;6.258823871612549;0.180914306640625;0.16327630245324337;2.9032142162323;0.4750342071056366;1.0034196940435314;19500;0.1;6;44;{'flagErreur': {'lampOFF': 0, 'regulationError': 0, 'signalOverflow': 0, 'signalUnderflow': 0, 'engineOFF': 0, 'messageNotRefreshed': 0}, 'temperature': 260, 'vitesseMoteur': 32783, 'cmptErrTransmission': 0, 'regul': 150, 'status': 32, 'numRecette': 7, 'modeIrp': 17}
1656483994.168687;134;203.01876831054688;21.914205627441405;5.914586544036865;0.18085403442382814;0.16353884796598064;2.8667893409729004;0.47453391551971436;1.0242820132418806;19500;0.1;6;44;{'flagErreur': {'lampOFF': 0, 'regulationError': 0, 'signalOverflow': 0, 'signalUnderflow': 0, 'engineOFF': 0, 'messageNotRefreshed': 0}, 'temperature': 260, 'vitesseMoteur': 32754, 'cmptErrTransmission': 0, 'regul': 150, 'status': 32, 'numRecette': 7, 'modeIrp': 17}
1656483995.1679556;136;205.21450805664062;22.275849304199216;6.379391193389893;0.18081573486328126;0.1637930095897001;2.8892509937286377;0.4727911353111267;1.0353574468584916;19500;0.1;6;44;{'flagErreur': {'lampOFF': 0, 'regulationError': 0, 'signalOverflow': 0, 'signalUnderflow': 0, 'engineOFF': 0, 'messageNotRefreshed': 0}, 'temperature': 260, 'vitesseMoteur': 32743, 'cmptErrTransmission': 0, 'regul': 150, 'status': 32, 'numRecette': 7, 'modeIrp': 17}
1656483996.1674597;138;209.59339904785156;22.637319183349607;6.372215747833252;0.1807049560546875;0.1640385448068812;2.9542906284332275;0.47303929924964905;1.0574474200587374;19500;0.1;6;44;{'flagErreur': {'lampOFF': 0, 'regulationError': 0, 'signalOverflow': 0, 'signalUnderflow': 0, 'engineOFF': 0, 'messageNotRefreshed': 0}, 'temperature': 260, 'vitesseMoteur': 32786, 'cmptErrTransmission': 0, 'regul': 150, 'status': 32, 'numRecette': 7, 'modeIrp': 17}
1656483997.1680477;140;211.69387817382812;22.998557891845703;6.170276641845703;0.18059249877929687;0.1642754135131836;2.96043062210083;0.47478392720222473;1.0680422880953429;19500;0.1;6;44;{'flagErreur': {'lampOFF': 0, 'regulationError': 0, 'signalOverflow': 0, 'signalUnderflow': 0, 'engineOFF': 0, 'messageNotRefreshed': 0}, 'temperature': 260, 'vitesseMoteur': 32770, 'cmptErrTransmission': 0, 'regul': 150, 'status': 32, 'numRecette': 7, 'modeIrp': 17}
1656483998.1678555;142;213.8843994140625;23.359567565917967;6.364227294921875;0.18049179077148436;0.16450399694308426;2.9869332313537598;0.4727911353111267;1.0790914766904116;19500;0.1;6;44;{'flagErreur': {'lampOFF': 0, 'regulationError': 0, 'signalOverflow': 0, 'signalUnderflow': 0, 'engineOFF': 0, 'messageNotRefreshed': 0}, 'temperature': 260, 'vitesseMoteur': 32744, 'cmptErrTransmission': 0, 'regul': 150, 'status': 32, 'numRecette': 7, 'modeIrp': 17}
1656483999.1685112;144;218.18325805664062;23.72047348022461;6.322458267211914;0.18044830322265626;0.16472551027933757;3.0067529678344727;0.47328776121139526;1.1007776709200552;19500;0.1;6;44;{'flagErreur': {'lampOFF': 0, 'regulationError': 0, 'signalOverflow': 0, 'signalUnderflow': 0, 'engineOFF': 0, 'messageNotRefreshed': 0}, 'temperature': 260, 'vitesseMoteur': 32764, 'cmptErrTransmission': 0, 'regul': 150, 'status': 32, 'numRecette': 7, 'modeIrp': 17}
1656484000.1681256;146;220.20248413085938;24.081488037109377;5.925350189208984;0.1805242919921875;0.1649416988843108;2.9544615745544434;0.47528475522994995;1.1109626566794004;19500;0.1;6;44;{'flagErreur': {'lampOFF': 0, 'regulationError': 0, 'signalOverflow': 0, 'signalUnderflow': 0, 'engineOFF': 0, 'messageNotRefreshed': 0}, 'temperature': 260, 'vitesseMoteur': 32807, 'cmptErrTransmission': 0, 'regul': 150, 'status': 32, 'numRecette': 7, 'modeIrp': 17}
1656484001.1677659;148;222.37863159179688;24.44279983520508;6.315824031829834;0.180706787109375;0.16515405294057486;2.984663248062134;0.47328776121139526;1.1219393373945774;19500;0.1;6;44;{'flagErreur': {'lampOFF': 0, 'regulationError': 0, 'signalOverflow': 0, 'signalUnderflow': 0, 'engineOFF': 0, 'messageNotRefreshed': 0}, 'temperature': 260, 'vitesseMoteur': 32777, 'cmptErrTransmission': 0, 'regul': 150, 'status': 32, 'numRecette': 7, 'modeIrp': 17}
1656484002.168347;150;226.44203186035156;24.80442321777344;5.8173065185546875;0.18085235595703125;0.16536282145182293;2.9102835655212402;0.4727911353111267;1.1424375147375894;19500;0.1;6;44;{'flagErreur': {'lampOFF': 0, 'regulationError': 0, 'signalOverflow': 0, 'signalUnderflow': 0, 'engineOFF': 0, 'messageNotRefreshed': 0}, 'temperature': 260, 'vitesseMoteur': 32745, 'cmptErrTransmission': 0, 'regul': 150, 'status': 32, 'numRecette': 7, 'modeIrp': 17}
1656484003.1695368;152;228.549072265625;25.166326751708986;6.121737957000732;0.18096084594726564;0.16556793915598017;2.921785831451416;0.4727911353111267;1.1530655099338067;19500;0.1;6;44;{'flagErreur': {'lampOFF': 0, 'regulationError': 0, 'signalOverflow': 0, 'signalUnderflow': 0, 'engineOFF': 0, 'messageNotRefreshed': 0}, 'temperature': 260, 'vitesseMoteur': 32740, 'cmptErrTransmission': 0, 'regul': 150, 'status': 32, 'numRecette': 7, 'modeIrp': 17}
1656484004.1699653;154;232.65338134765625;25.52805770874024;6.043819427490234;0.18082962036132813;0.16576660849831323;2.8822388648986816;0.47328776121139526;1.1737700467593581;19500;0.1;6;44;{'flagErreur': {'lampOFF': 0, 'regulationError': 0, 'signalOverflow': 0, 'signalUnderflow': 0, 'engineOFF': 0, 'messageNotRefreshed': 0}, 'temperature': 260, 'vitesseMoteur': 32786, 'cmptErrTransmission': 0, 'regul': 150, 'status': 32, 'numRecette': 7, 'modeIrp': 17}
1656484005.1685514;156;234.85684204101562;25.889546051025395;6.484185695648193;0.18072052001953126;0.16595862853221408;2.8988423347473145;0.47328776121139526;1.1848845434253774;19500;0.1;6;44;{'flagErreur': {'lampOFF': 0, 'regulationError': 0, 'signalOverflow': 0, 'signalUnderflow': 0, 'engineOFF': 0, 'messageNotRefreshed': 0}, 'temperature': 260, 'vitesseMoteur': 32795, 'cmptErrTransmission': 0, 'regul': 150, 'status': 32, 'numRecette': 7, 'modeIrp': 17}
1656484006.1710637;158;237.01669311523438;26.2507260131836;6.2751383781433105;0.1805255126953125;0.16614383552647846;2.8671538829803467;0.4727911353111267;1.1957790629793006;19500;0.1;6;44;{'flagErreur': {'lampOFF': 0, 'regulationError': 0, 'signalOverflow': 0, 'signalUnderflow': 0, 'engineOFF': 0, 'messageNotRefreshed': 0}, 'temperature': 260, 'vitesseMoteur': 32752, 'cmptErrTransmission': 0, 'regul': 150, 'status': 32, 'numRecette': 7, 'modeIrp': 17}
1656484007.1690836;160;241.43170166015625;26.611509399414068;6.389749050140381;0.18034759521484375;0.1663219337463379;2.956516742706299;0.47303929924964905;1.218051161181952;19500;0.1;6;44;{'flagErreur': {'lampOFF': 0, 'regulationError': 0, 'signalOverflow': 0, 'signalUnderflow': 0, 'engineOFF': 0, 'messageNotRefreshed': 0}, 'temperature': 260, 'vitesseMoteur': 32732, 'cmptErrTransmission': 0, 'regul': 150, 'status': 32, 'numRecette': 7, 'modeIrp': 17}
1656484008.1676097;162;243.45082092285156;26.971941223144537;5.953105926513672;0.18017318725585937;0.16649346434039838;2.969451427459717;0.47303929924964905;1.2282357407697306;19500;0.1;6;44;{'flagErreur': {'lampOFF': 0, 'regulationError': 0, 'signalOverflow': 0, 'signalUnderflow': 0, 'engineOFF': 0, 'messageNotRefreshed': 0}, 'temperature': 260, 'vitesseMoteur': 32773, 'cmptErrTransmission': 0, 'regul': 150, 'status': 32, 'numRecette': 7, 'modeIrp': 17}
1656484101.1699877;164;255.42782592773438;27.41193771362305;6.010918617248535;0.22629898071289062;0.16714596166843323;0.0;0.14343270659446716;1.2886525934860833;19500;0.1;6;44;{'flagErreur': {'lampOFF': 0, 'regulationError': 0, 'signalOverflow': 0, 'signalUnderflow': 0, 'engineOFF': 0, 'messageNotRefreshed': 0}, 'temperature': 280, 'vitesseMoteur': 32791, 'cmptErrTransmission': 0, 'regul': 150, 'status': 32, 'numRecette': 7, 'modeIrp': 17}
1656484102.169094;166;257.93707275390625;27.912190551757817;6.459002494812012;0.2578236389160156;0.16814572621540855;0.8681234121322632;0.3238545060157776;1.3012988830873342;19500;0.1;6;44;{'flagErreur': {'lampOFF': 0, 'regulationError': 0, 'signalOverflow': 0, 'signalUnderflow': 0, 'engineOFF': 0, 'messageNotRefreshed': 0}, 'temperature': 280, 'vitesseMoteur': 32754, 'cmptErrTransmission': 0, 'regul': 150, 'status': 32, 'numRecette': 7, 'modeIrp': 17}
1656484103.1688907;168;259.5255126953125;28.46828903198243;5.8426923751831055;0.28421951293945313;0.1694541013808478;1.0821754932403564;0.37916943430900574;1.3092954190475024;19500;0.1;6;44;{'flagErreur': {'lampOFF': 0, 'regulationError': 0, 'signalOverflow': 0, 'signalUnderflow': 0, 'engineOFF': 0, 'messageNotRefreshed': 0}, 'temperature': 280, 'vitesseMoteur': 32766, 'cmptErrTransmission': 0, 'regul': 150, 'status': 32, 'numRecette': 7, 'modeIrp': 17}
1656484104.168671;170;261.5780334472656;29.067078857421883;6.207712650299072;0.3039118957519531;0.17098281680836402;1.5433919429779053;0.4611455500125885;1.3196300657628113;19500;0.1;6;44;{'flagErreur': {'lampOFF': 0, 'regulationError': 0, 'signalOverflow': 0, 'signalUnderflow': 0, 'engineOFF': 0, 'messageNotRefreshed': 0}, 'temperature': 280, 'vitesseMoteur': 32795, 'cmptErrTransmission': 0, 'regul': 150, 'status': 32, 'numRecette': 7, 'modeIrp': 17}
1656484105.1704612;172;265.97686767578125;29.69518646240235;6.2659993171691895;0.31709991455078124;0.1726464329209439;2.306777238845825;0.4762895703315735;1.341799270159745;19500;0.1;6;44;{'flagErreur': {'lampOFF': 0, 'regulationError': 0, 'signalOverflow': 0, 'signalUnderflow': 0, 'engineOFF': 0, 'messageNotRefreshed': 0}, 'temperature': 280, 'vitesseMoteur': 32767, 'cmptErrTransmission': 0, 'regul': 150, 'status': 32, 'numRecette': 7, 'modeIrp': 17}
1656484106.1682293;174;268.01641845703125;30.342880859375008;5.994400501251221;0.32574569702148437;0.17438437275502877;2.6238396167755127;0.47453391551971436;1.352064818775631;19500;0.1;6;44;{'flagErreur': {'lampOFF': 0, 'regulationError': 0, 'signalOverflow': 0, 'signalUnderflow': 0, 'engineOFF': 0, 'messageNotRefreshed': 0}, 'temperature': 280, 'vitesseMoteur': 32734, 'cmptErrTransmission': 0, 'regul': 150, 'status': 32, 'numRecette': 7, 'modeIrp': 17}
1656484107.1684914;176;270.2025146484375;31.002449951171883;6.398143291473389;0.330880126953125;0.1761502838134766;2.843257188796997;0.4765414595603943;1.3630688922508845;19500;0.1;6;44;{'flagErreur': {'lampOFF': 0, 'regulationError': 0, 'signalOverflow': 0, 'signalUnderflow': 0, 'engineOFF': 0, 'messageNotRefreshed': 0}, 'temperature': 280, 'vitesseMoteur': 32765, 'cmptErrTransmission': 0, 'regul': 150, 'status': 32, 'numRecette': 7, 'modeIrp': 17}
1656484108.1683707;178;274.4389953613281;31.66845565795899;6.2484660148620605;0.3335252380371094;0.17791267223572466;2.991147518157959;0.47578662633895874;1.3844158505959407;19500;0.1;6;44;{'flagErreur': {'lampOFF': 0, 'regulationError': 0, 'signalOverflow': 0, 'signalUnderflow': 0, 'engineOFF': 0, 'messageNotRefreshed': 0}, 'temperature': 280, 'vitesseMoteur': 32805, 'cmptErrTransmission': 0, 'regul': 150, 'status': 32, 'numRecette': 7, 'modeIrp': 17}
1656484109.1684444;180;276.4466552734375;32.336871032714846;5.910050868988037;0.334320068359375;0.17964928351508247;2.9144506454467773;0.4737854301929474;1.3945192584220836;19500;0.1;6;44;{'flagErreur': {'lampOFF': 0, 'regulationError': 0, 'signalOverflow': 0, 'signalUnderflow': 0, 'engineOFF': 0, 'messageNotRefreshed': 0}, 'temperature': 280, 'vitesseMoteur': 32776, 'cmptErrTransmission': 0, 'regul': 150, 'status': 32, 'numRecette': 7, 'modeIrp': 17}
1656484110.1691651;182;280.57904052734375;33.005567474365236;5.899625301361084;0.33427139282226564;0.18134927183717162;2.902862548828125;0.4742841422557831;1.4153407014798873;19500;0.1;6;44;{'flagErreur': {'lampOFF': 0, 'regulationError': 0, 'signalOverflow': 0, 'signalUnderflow': 0, 'engineOFF': 0, 'messageNotRefreshed': 0}, 'temperature': 280, 'vitesseMoteur': 32735, 'cmptErrTransmission': 0, 'regul': 150, 'status': 32, 'numRecette': 7, 'modeIrp': 17}
1656484111.1689174;184;282.6983947753906;33.672759246826175;6.202770709991455;0.33329483032226564;0.1830041263414466;2.90910005569458;0.4765414595603943;1.4260078063914137;19500;0.1;6;44;{'flagErreur': {'lampOFF': 0, 'regulationError': 0, 'signalOverflow': 0, 'signalUnderflow': 0, 'engineOFF': 0, 'messageNotRefreshed': 0}, 'temperature': 280, 'vitesseMoteur': 32743, 'cmptErrTransmission': 0, 'regul': 150, 'status': 32, 'numRecette': 7, 'modeIrp': 17}
1656484112.1692286;186;284.775634765625;34.33757751464844;6.105219841003418;0.3321012878417969;0.18461063179918516;2.878131151199341;0.47453391551971436;1.4364628208102954;19500;0.1;6;44;{'flagErreur': {'lampOFF': 0, 'regulationError': 0, 'signalOverflow': 0, 'signalUnderflow': 0, 'engineOFF': 0, 'messageNotRefreshed': 0}, 'temperature': 280, 'vitesseMoteur': 32784, 'cmptErrTransmission': 0, 'regul': 150, 'status': 32, 'numRecette': 7, 'modeIrp': 17}
1656484113.1692772;188;289.1297302246094;34.999609375;6.138256072998047;0.3306201171875;0.18616813497340426;2.8966493606567383;0.4740346670150757;1.4584029242235497;19500;0.1;6;44;{'flagErreur': {'lampOFF': 0, 'regulationError': 0, 'signalOverflow': 0, 'signalUnderflow': 0, 'engineOFF': 0, 'messageNotRefreshed': 0}, 'temperature': 280, 'vitesseMoteur': 32792, 'cmptErrTransmission': 0, 'regul': 150, 'status': 32, 'numRecette': 7, 'modeIrp': 17}
1656484114.168267;190;291.18402099609375;35.65806365966797;6.018703937530518;0.32870376586914063;0.18767401926141036;2.9260897636413574;0.47603797912597656;1.4687428092852388;19500;0.1;6;44;{'flagErreur': {'lampOFF': 0, 'regulationError': 0, 'signalOverflow': 0, 'signalUnderflow': 0, 'engineOFF': 0, 'messageNotRefreshed': 0}, 'temperature': 280, 'vitesseMoteur': 32759, 'cmptErrTransmission': 0, 'regul': 150, 'status': 32, 'numRecette': 7, 'modeIrp': 17}
1656484115.1692805;192;295.4568786621094;36.31242614746094;6.144416332244873;0.3266619873046875;0.18912721951802572;2.9422390460968018;0.47603797912597656;1.4902735321192178;19500;0.1;6;44;{'flagErreur': {'lampOFF': 0, 'regulationError': 0, 'signalOverflow': 0, 'signalUnderflow': 0, 'engineOFF': 0, 'messageNotRefreshed': 0}, 'temperature': 280, 'vitesseMoteur': 32729, 'cmptErrTransmission': 0, 'regul': 150, 'status': 32, 'numRecette': 7, 'modeIrp': 17}
1656484116.1699061;194;297.6255798339844;36.962943115234374;6.2843451499938965;0.32476531982421875;0.19053063461461017;2.980485439300537;0.4740346670150757;1.5011912437924817;19500;0.1;6;44;{'flagErreur': {'lampOFF': 0, 'regulationError': 0, 'signalOverflow': 0, 'signalUnderflow': 0, 'engineOFF': 0, 'messageNotRefreshed': 0}, 'temperature': 280, 'vitesseMoteur': 32766, 'cmptErrTransmission': 0, 'regul': 150, 'status': 32, 'numRecette': 7, 'modeIrp': 17}
1656484117.16887;196;299.7253112792969;37.60958511352539;6.1550445556640625;0.3228413391113281;0.1918856383343132;2.932537317276001;0.47578662633895874;1.5117615107480114;19500;0.1;6;44;{'flagErreur': {'lampOFF': 0, 'regulationError': 0, 'signalOverflow': 0, 'signalUnderflow': 0, 'engineOFF': 0, 'messageNotRefreshed': 0}, 'temperature': 280, 'vitesseMoteur': 32804, 'cmptErrTransmission': 0, 'regul': 150, 'status': 32, 'numRecette': 7, 'modeIrp': 17}
1656484118.1678064;198;303.92449951171875;38.25278305053711;6.005841255187988;0.321260986328125;0.19319587399261168;2.945162773132324;0.47603797912597656;1.5329213233899233;19500;0.1;6;44;{'flagErreur': {'lampOFF': 0, 'regulationError': 0, 'signalOverflow': 0, 'signalUnderflow': 0, 'engineOFF': 0, 'messageNotRefreshed': 0}, 'temperature': 280, 'vitesseMoteur': 32787, 'cmptErrTransmission': 0, 'regul': 150, 'status': 32, 'numRecette': 7, 'modeIrp': 17}
1656484119.1685753;200;306.0072937011719;38.893073120117194;6.124784469604492;0.3197415161132813;0.19446536560058597;2.938220739364624;0.4742841422557831;1.54340677316312;19500;0.1;6;44;{'flagErreur': {'lampOFF': 0, 'regulationError': 0, 'signalOverflow': 0, 'signalUnderflow': 0, 'engineOFF': 0, 'messageNotRefreshed': 0}, 'temperature': 280, 'vitesseMoteur': 32755, 'cmptErrTransmission': 0, 'regul': 151, 'status': 32, 'numRecette': 7, 'modeIrp': 17}
1656484120.1687515;202;310.170654296875;39.53033477783204;6.4303669929504395;0.31832061767578124;0.1956947266229309;2.938871383666992;0.4740346670150757;1.5643861892854534;19500;0.1;6;44;{'flagErreur': {'lampOFF': 0, 'regulationError': 0, 'signalOverflow': 0, 'signalUnderflow': 0, 'engineOFF': 0, 'messageNotRefreshed': 0}, 'temperature': 280, 'vitesseMoteur': 32728, 'cmptErrTransmission': 0, 'regul': 150, 'status': 32, 'numRecette': 7, 'modeIrp': 17}
1656484121.168154;204;312.34375;40.16581512451173;6.270467281341553;0.3175962829589844;0.19689125061035162;2.892211437225342;0.47603797912597656;1.5753275694033566;19500;0.1;6;44;{'flagErreur': {'lampOFF': 0, 'regulationError': 0, 'signalOverflow': 0, 'signalUnderflow': 0, 'engineOFF': 0, 'messageNotRefreshed': 0}, 'temperature': 280, 'vitesseMoteur': 32763, 'cmptErrTransmission': 0, 'regul': 150, 'status': 32, 'numRecette': 7, 'modeIrp': 17}
1656484122.1681674;206;314.5497131347656;40.80024520874024;6.493866443634033;0.3170945739746094;0.19805944276087498;2.9294474124908447;0.4737854301929474;1.5864349045348078;19500;0.1;6;44;{'flagErreur': {'lampOFF': 0, 'regulationError': 0, 'signalOverflow': 0, 'signalUnderflow': 0, 'engineOFF': 0, 'messageNotRefreshed': 0}, 'temperature': 280, 'vitesseMoteur': 32789, 'cmptErrTransmission': 0, 'regul': 151, 'status': 32, 'numRecette': 7, 'modeIrp': 17}
1656484123.1690876;208;318.7998046875;41.4341374206543;6.348724842071533;0.316915283203125;0.19920258375314567;2.97556734085083;0.4740346670150757;1.6078518460963005;19500;0.1;6;44;{'flagErreur': {'lampOFF': 0, 'regulationError': 0, 'signalOverflow': 0, 'signalUnderflow': 0, 'engineOFF': 0, 'messageNotRefreshed': 0}, 'temperature': 280, 'vitesseMoteur': 32773, 'cmptErrTransmission': 0, 'regul': 150, 'status': 32, 'numRecette': 7, 'modeIrp': 17}
1656484124.1687398;210;320.9353942871094;42.06758255004883;6.15903902053833;0.3166778564453125;0.2003218216668992;2.992293357849121;0.4762895703315735;1.6186044151456498;19500;0.1;6;44;{'flagErreur': {'lampOFF': 0, 'regulationError': 0, 'signalOverflow': 0, 'signalUnderflow': 0, 'engineOFF': 0, 'messageNotRefreshed': 0}, 'temperature': 280, 'vitesseMoteur': 32746, 'cmptErrTransmission': 0, 'regul': 150, 'status': 32, 'numRecette': 7, 'modeIrp': 17}
1656484125.1701646;212;323.06304931640625;42.70041519165039;6.259974479675293;0.31633056640625;0.20141705279080374;2.991344928741455;0.4740346670150757;1.6293171180176675;19500;0.1;6;44;{'flagErreur': {'lampOFF': 0, 'regulationError': 0, 'signalOverflow': 0, 'signalUnderflow': 0, 'engineOFF': 0, 'messageNotRefreshed': 0}, 'temperature': 280, 'vitesseMoteur': 32757, 'cmptErrTransmission': 0, 'regul': 151, 'status': 32, 'numRecette': 7, 'modeIrp': 17}
1656484126.1682384;214;327.431396484375;43.33275421142578;6.379729747772217;0.316114501953125;0.20248950566086812;2.970867156982422;0.4742841422557831;1.6513304127838984;19500;0.1;6;44;{'flagErreur': {'lampOFF': 0, 'regulationError': 0, 'signalOverflow': 0, 'signalUnderflow': 0, 'engineOFF': 0, 'messageNotRefreshed': 0}, 'temperature': 280, 'vitesseMoteur': 32791, 'cmptErrTransmission': 0, 'regul': 151, 'status': 32, 'numRecette': 7, 'modeIrp': 17}
1656484127.1691022;216;329.59429931640625;43.96457870483398;6.3302435874938965;0.315838623046875;0.20353971622608324;2.989474296569824;0.4765414595603943;1.6622210359453826;19500;0.1;6;44;{'flagErreur': {'lampOFF': 0, 'regulationError': 0, 'signalOverflow': 0, 'signalUnderflow': 0, 'engineOFF': 0, 'messageNotRefreshed': 0}, 'temperature': 280, 'vitesseMoteur': 32788, 'cmptErrTransmission': 0, 'regul': 151, 'status': 32, 'numRecette': 7, 'modeIrp': 17}
1656484128.1673656;218;333.71875;44.595744323730464;5.736273288726807;0.3154974365234375;0.20456763451252508;2.952171564102173;0.47603797912597656;1.6830042454076566;19500;0.1;6;44;{'flagErreur': {'lampOFF': 0, 'regulationError': 0, 'signalOverflow': 0, 'signalUnderflow': 0, 'engineOFF': 0, 'messageNotRefreshed': 0}, 'temperature': 280, 'vitesseMoteur': 32756, 'cmptErrTransmission': 0, 'regul': 151, 'status': 32, 'numRecette': 7, 'modeIrp': 17}
1656484129.1682534;220;335.9736633300781;45.226465606689445;6.530693531036377;0.31525909423828125;0.2055748436667702;3.0363593101501465;0.4742841422557831;1.694359058821873;19500;0.1;6;44;{'flagErreur': {'lampOFF': 0, 'regulationError': 0, 'signalOverflow': 0, 'signalUnderflow': 0, 'engineOFF': 0, 'messageNotRefreshed': 0}, 'temperature': 280, 'vitesseMoteur': 32723, 'cmptErrTransmission': 0, 'regul': 151, 'status': 32, 'numRecette': 7, 'modeIrp': 17}
1656484130.1688025;222;338.0941162109375;45.85646774291992;6.2092695236206055;0.31490478515625;0.20656066550864827;2.950437068939209;0.4762895703315735;1.7050359135357593;19500;0.1;6;44;{'flagErreur': {'lampOFF': 0, 'regulationError': 0, 'signalOverflow': 0, 'signalUnderflow': 0, 'engineOFF': 0, 'messageNotRefreshed': 0}, 'temperature': 280, 'vitesseMoteur': 32762, 'cmptErrTransmission': 0, 'regul': 151, 'status': 32, 'numRecette': 7, 'modeIrp': 17}
1656484131.1683636;224;342.2039489746094;46.4856623840332;5.992437362670898;0.3145014953613281;0.2075252785001482;2.931957960128784;0.47603797912597656;1.7257454280122881;19500;0.1;6;44;{'flagErreur': {'lampOFF': 0, 'regulationError': 0, 'signalOverflow': 0, 'signalUnderflow': 0, 'engineOFF': 0, 'messageNotRefreshed': 0}, 'temperature': 280, 'vitesseMoteur': 32788, 'cmptErrTransmission': 0, 'regul': 151, 'status': 32, 'numRecette': 7, 'modeIrp': 17}
1656484132.169841;226;344.3112487792969;47.113906555175774;6.106438636779785;0.31399444580078123;0.208468613075999;2.911900043487549;0.4740346670150757;1.736356172178613;19500;0.1;6;44;{'flagErreur': {'lampOFF': 0, 'regulationError': 0, 'signalOverflow': 0, 'signalUnderflow': 0, 'engineOFF': 0, 'messageNotRefreshed': 0}, 'temperature': 280, 'vitesseMoteur': 32800, 'cmptErrTransmission': 0, 'regul': 151, 'status': 32, 'numRecette': 7, 'modeIrp': 17}
1656484133.167885;228;348.5726623535156;47.74126586914062;6.335456371307373;0.31357025146484374;0.209391516969915;2.918719530105591;0.4750342071056366;1.75783013431327;19500;0.1;6;44;{'flagErreur': {'lampOFF': 0, 'regulationError': 0, 'signalOverflow': 0, 'signalUnderflow': 0, 'engineOFF': 0, 'messageNotRefreshed': 0}, 'temperature': 280, 'vitesseMoteur': 32772, 'cmptErrTransmission': 0, 'regul': 151, 'status': 32, 'numRecette': 7, 'modeIrp': 17}
1656484134.1676874;230;350.8491516113281;48.36831436157226;6.593177318572998;0.31354782104492185;0.21029701896335765;2.937497615814209;0.4742841422557831;1.769294250892474;19500;0.1;6;44;{'flagErreur': {'lampOFF': 0, 'regulationError': 0, 'signalOverflow': 0, 'signalUnderflow': 0, 'engineOFF': 0, 'messageNotRefreshed': 0}, 'temperature': 280, 'vitesseMoteur': 32743, 'cmptErrTransmission': 0, 'regul': 151, 'status': 32, 'numRecette': 7, 'modeIrp': 17}
1656484135.1685202;232;352.9884338378906;48.99566574096679;6.294229030609131;0.31369552612304685;0.21118821440071894;2.934870481491089;0.4740346670150757;1.7800665004941234;19500;0.1;6;44;{'flagErreur': {'lampOFF': 0, 'regulationError': 0, 'signalOverflow': 0, 'signalUnderflow': 0, 'engineOFF': 0, 'messageNotRefreshed': 0}, 'temperature': 280, 'vitesseMoteur': 32733, 'cmptErrTransmission': 0, 'regul': 151, 'status': 32, 'numRecette': 7, 'modeIrp': 17}
1656484136.170539;234;357.3422546386719;49.62263885498046;6.16662073135376;0.313427734375;0.21206255920931819;2.9957661628723145;0.4742841422557831;1.8020063401540545;19500;0.1;6;44;{'flagErreur': {'lampOFF': 0, 'regulationError': 0, 'signalOverflow': 0, 'signalUnderflow': 0, 'engineOFF': 0, 'messageNotRefreshed': 0}, 'temperature': 280, 'vitesseMoteur': 32773, 'cmptErrTransmission': 0, 'regul': 151, 'status': 32, 'numRecette': 7, 'modeIrp': 17}
1656484137.1677396;236;359.5224609375;50.249540557861316;6.31771993637085;0.31348587036132813;0.21292178202483608;3.052523374557495;0.4740346670150757;1.8129850576435698;19500;0.1;6;44;{'flagErreur': {'lampOFF': 0, 'regulationError': 0, 'signalOverflow': 0, 'signalUnderflow': 0, 'engineOFF': 0, 'messageNotRefreshed': 0}, 'temperature': 280, 'vitesseMoteur': 32801, 'cmptErrTransmission': 0, 'regul': 151, 'status': 32, 'numRecette': 7, 'modeIrp': 17}
1656484138.1681337;238;363.66192626953125;50.877159576416005;6.005570411682129;0.313963623046875;0.2137695780521681;2.9798190593719482;0.4742841422557831;1.8338437813910993;19500;0.1;6;44;{'flagErreur': {'lampOFF': 0, 'regulationError': 0, 'signalOverflow': 0, 'signalUnderflow': 0, 'engineOFF': 0, 'messageNotRefreshed': 0}, 'temperature': 280, 'vitesseMoteur': 32758, 'cmptErrTransmission': 0, 'regul': 151, 'status': 32, 'numRecette': 7, 'modeIrp': 17}
1656484139.1699264;240;365.6260681152344;51.50575653076171;5.775876045227051;0.3143829345703125;0.21460731887817378;2.9462852478027344;0.4742841422557831;1.843732890972944;19500;0.1;6;44;{'flagErreur': {'lampOFF': 0, 'regulationError': 0, 'signalOverflow': 0, 'signalUnderflow': 0, 'engineOFF': 0, 'messageNotRefreshed': 0}, 'temperature': 280, 'vitesseMoteur': 32735, 'cmptErrTransmission': 0, 'regul': 151, 'status': 32, 'numRecette': 7, 'modeIrp': 17}
1656484140.1688576;242;367.7099304199219;52.135029144287095;6.038471221923828;0.31473541259765625;0.21543400472845908;2.9110589027404785;0.4740346670150757;1.8542257458415659;19500;0.1;6;44;{'flagErreur': {'lampOFF': 0, 'regulationError': 0, 'signalOverflow': 0, 'signalUnderflow': 0, 'engineOFF': 0, 'messageNotRefreshed': 0}, 'temperature': 280, 'vitesseMoteur': 32780, 'cmptErrTransmission': 0, 'regul': 151, 'status': 32, 'numRecette': 7, 'modeIrp': 17}
1656484141.1683614;244;371.9934387207031;52.76530151367186;6.448306560516357;0.31523712158203127;0.2162512357117699;2.8866963386535645;0.4742841422557831;1.8758105169178638;19500;0.1;6;44;{'flagErreur': {'lampOFF': 0, 'regulationError': 0, 'signalOverflow': 0, 'signalUnderflow': 0, 'engineOFF': 0, 'messageNotRefreshed': 0}, 'temperature': 280, 'vitesseMoteur': 32794, 'cmptErrTransmission': 0, 'regul': 151, 'status': 32, 'numRecette': 7, 'modeIrp': 17}
1656484142.1697602;246;374.1779479980469;53.39612319946287;6.326791286468506;0.31543701171875;0.21705741137993037;2.8733489513397217;0.4742841422557831;1.8868108376622303;19500;0.1;6;44;{'flagErreur': {'lampOFF': 0, 'regulationError': 0, 'signalOverflow': 0, 'signalUnderflow': 0, 'engineOFF': 0, 'messageNotRefreshed': 0}, 'temperature': 280, 'vitesseMoteur': 32759, 'cmptErrTransmission': 0, 'regul': 151, 'status': 32, 'numRecette': 7, 'modeIrp': 17}
1656484143.170474;248;376.34063720703125;54.026681060791;6.366393566131592;0.31521820068359374;0.2178495204064153;2.9184670448303223;0.4737854301929474;1.897701220172463;19500;0.1;6;44;{'flagErreur': {'lampOFF': 0, 'regulationError': 0, 'signalOverflow': 0, 'signalUnderflow': 0, 'engineOFF': 0, 'messageNotRefreshed': 0}, 'temperature': 280, 'vitesseMoteur': 32730, 'cmptErrTransmission': 0, 'regul': 151, 'status': 32, 'numRecette': 7, 'modeIrp': 17}
1656484144.1687455;250;380.9419860839844;54.65664215087889;6.5061869621276855;0.314903564453125;0.21862656860351556;3.0144195556640625;0.4735364615917206;1.920888586309101;19500;0.1;6;44;{'flagErreur': {'lampOFF': 0, 'regulationError': 0, 'signalOverflow': 0, 'signalUnderflow': 0, 'engineOFF': 0, 'messageNotRefreshed': 0}, 'temperature': 280, 'vitesseMoteur': 32766, 'cmptErrTransmission': 0, 'regul': 150, 'status': 32, 'numRecette': 7, 'modeIrp': 17}
1656484145.1686168;252;383.06927490234375;55.28623352050779;6.164319038391113;0.3148042297363281;0.21938981555757062;3.066805124282837;0.4740346670150757;1.9316005814520598;19500;0.1;6;44;{'flagErreur': {'lampOFF': 0, 'regulationError': 0, 'signalOverflow': 0, 'signalUnderflow': 0, 'engineOFF': 0, 'messageNotRefreshed': 0}, 'temperature': 280, 'vitesseMoteur': 32799, 'cmptErrTransmission': 0, 'regul': 150, 'status': 32, 'numRecette': 7, 'modeIrp': 17}
1656484146.1683047;254;387.5393981933594;55.91580169677732;6.504630088806152;0.31474365234375;0.22014095156211544;3.088191509246826;0.4742841422557831;1.9541261416520737;19500;0.1;6;44;{'flagErreur': {'lampOFF': 0, 'regulationError': 0, 'signalOverflow': 0, 'signalUnderflow': 0, 'engineOFF': 0, 'messageNotRefreshed': 0}, 'temperature': 280, 'vitesseMoteur': 32772, 'cmptErrTransmission': 0, 'regul': 150, 'status': 32, 'numRecette': 7, 'modeIrp': 17}
1656484147.1682746;256;389.5138244628906;56.5446611022949;5.806068420410156;0.31432342529296875;0.22087758243083946;3.0485572814941406;0.4742841422557831;1.9640674563670883;19500;0.1;6;44;{'flagErreur': {'lampOFF': 0, 'regulationError': 0, 'signalOverflow': 0, 'signalUnderflow': 0, 'engineOFF': 0, 'messageNotRefreshed': 0}, 'temperature': 280, 'vitesseMoteur': 32738, 'cmptErrTransmission': 0, 'regul': 150, 'status': 32, 'numRecette': 7, 'modeIrp': 17}
1656484148.16848;258;391.6421203613281;57.1729113769531;6.163980484008789;0.3140806579589844;0.22160043169361668;3.0321977138519287;0.4742841422557831;1.9747847567588332;19500;0.1;6;44;{'flagErreur': {'lampOFF': 0, 'regulationError': 0, 'signalOverflow': 0, 'signalUnderflow': 0, 'engineOFF': 0, 'messageNotRefreshed': 0}, 'temperature': 280, 'vitesseMoteur': 32749, 'cmptErrTransmission': 0, 'regul': 150, 'status': 32, 'numRecette': 7, 'modeIrp': 17}
1656484149.1679273;260;395.7285461425781;57.8009518432617;6.011731147766113;0.3140219116210938;0.22231135324331422;2.9525933265686035;0.4742841422557831;1.995375585452307;19500;0.1;6;44;{'flagErreur': {'lampOFF': 0, 'regulationError': 0, 'signalOverflow': 0, 'signalUnderflow': 0, 'engineOFF': 0, 'messageNotRefreshed': 0}, 'temperature': 280, 'vitesseMoteur': 32778, 'cmptErrTransmission': 0, 'regul': 150, 'status': 32, 'numRecette': 7, 'modeIrp': 17}
1656484150.168299;262;397.8454284667969;58.42941802978513;6.130944728851318;0.3143333435058594;0.22301304591521043;2.903625011444092;0.4742841422557831;2.0060353799722743;19500;0.1;6;44;{'flagErreur': {'lampOFF': 0, 'regulationError': 0, 'signalOverflow': 0, 'signalUnderflow': 0, 'engineOFF': 0, 'messageNotRefreshed': 0}, 'temperature': 280, 'vitesseMoteur': 32796, 'cmptErrTransmission': 0, 'regul': 150, 'status': 32, 'numRecette': 7, 'modeIrp': 17}
1656484151.1681957;264;402.08209228515625;59.059017486572245;6.202635288238525;0.31500274658203126;0.2237083995703494;2.8941779136657715;0.4740346670150757;2.0273835422090447;19500;0.1;6;44;{'flagErreur': {'lampOFF': 0, 'regulationError': 0, 'signalOverflow': 0, 'signalUnderflow': 0, 'engineOFF': 0, 'messageNotRefreshed': 0}, 'temperature': 280, 'vitesseMoteur': 32763, 'cmptErrTransmission': 0, 'regul': 150, 'status': 32, 'numRecette': 7, 'modeIrp': 17}
1656484152.1691246;266;404.2478942871094;59.690183868408184;6.368898391723633;0.3157501220703125;0.22439918747521873;2.9192850589752197;0.4742841422557831;2.038289846242161;19500;0.1;6;44;{'flagErreur': {'lampOFF': 0, 'regulationError': 0, 'signalOverflow': 0, 'signalUnderflow': 0, 'engineOFF': 0, 'messageNotRefreshed': 0}, 'temperature': 280, 'vitesseMoteur': 32740, 'cmptErrTransmission': 0, 'regul': 150, 'status': 32, 'numRecette': 7, 'modeIrp': 17}
1656484153.1691468;268;406.46685791015625;60.32209945678709;6.4298930168151855;0.3159855651855469;0.22508246065965334;2.9431891441345215;0.4740346670150757;2.0494642019250304;19500;0.1;6;44;{'flagErreur': {'lampOFF': 0, 'regulationError': 0, 'signalOverflow': 0, 'signalUnderflow': 0, 'engineOFF': 0, 'messageNotRefreshed': 0}, 'temperature': 280, 'vitesseMoteur': 32769, 'cmptErrTransmission': 0, 'regul': 150, 'status': 32, 'numRecette': 7, 'modeIrp': 17}
1656484154.1680868;270;410.7491760253906;60.95393768310545;6.075095176696777;0.31587570190429687;0.22575532475224241;2.9720749855041504;0.47453391551971436;2.071042278497027;19500;0.1;6;44;{'flagErreur': {'lampOFF': 0, 'regulationError': 0, 'signalOverflow': 0, 'signalUnderflow': 0, 'engineOFF': 0, 'messageNotRefreshed': 0}, 'temperature': 280, 'vitesseMoteur': 32794, 'cmptErrTransmission': 0, 'regul': 150, 'status': 32, 'numRecette': 7, 'modeIrp': 17}
1656484155.1686816;272;412.9158630371094;61.58498886108397;6.344595432281494;0.31537841796875;0.22641540022457343;3.0241050720214844;0.4762895703315735;2.0819531592442275;19500;0.1;6;44;{'flagErreur': {'lampOFF': 0, 'regulationError': 0, 'signalOverflow': 0, 'signalUnderflow': 0, 'engineOFF': 0, 'messageNotRefreshed': 0}, 'temperature': 280, 'vitesseMoteur': 32759, 'cmptErrTransmission': 0, 'regul': 150, 'status': 32, 'numRecette': 7, 'modeIrp': 17}
1656484156.1686108;274;417.0593566894531;62.21517578124999;6.056139945983887;0.31501419067382813;0.22706268533302915;2.985381841659546;0.4762895703315735;2.1028313084550927;19500;0.1;6;44;{'flagErreur': {'lampOFF': 0, 'regulationError': 0, 'signalOverflow': 0, 'signalUnderflow': 0, 'engineOFF': 0, 'messageNotRefreshed': 0}, 'temperature': 280, 'vitesseMoteur': 32745, 'cmptErrTransmission': 0, 'regul': 150, 'status': 32, 'numRecette': 7, 'modeIrp': 17}
1656484157.1681223;276;419.06549072265625;62.84461334228515;5.89928674697876;0.31465362548828124;0.2276978744285694;2.928622007369995;0.4742841422557831;2.1129328531346325;19500;0.1;6;44;{'flagErreur': {'lampOFF': 0, 'regulationError': 0, 'signalOverflow': 0, 'signalUnderflow': 0, 'engineOFF': 0, 'messageNotRefreshed': 0}, 'temperature': 280, 'vitesseMoteur': 32778, 'cmptErrTransmission': 0, 'regul': 150, 'status': 32, 'numRecette': 7, 'modeIrp': 17}
1656484158.16995;278;421.1374206542969;63.4737351989746;5.978694915771484;0.3145561218261719;0.22832278848552015;2.8971996307373047;0.47603797912597656;2.1233662293547417;19500;0.1;6;44;{'flagErreur': {'lampOFF': 0, 'regulationError': 0, 'signalOverflow': 0, 'signalUnderflow': 0, 'engineOFF': 0, 'messageNotRefreshed': 0}, 'temperature': 280, 'vitesseMoteur': 32795, 'cmptErrTransmission': 0, 'regul': 150, 'status': 32, 'numRecette': 7, 'modeIrp': 17}
1656484159.169948;280;425.40838623046875;64.1026123046875;6.233098983764648;0.3143576049804688;0.22893790108816964;2.8692848682403564;0.47603797912597656;2.1448871085672776;19500;0.1;6;44;{'flagErreur': {'lampOFF': 0, 'regulationError': 0, 'signalOverflow': 0, 'signalUnderflow': 0, 'engineOFF': 0, 'messageNotRefreshed': 0}, 'temperature': 280, 'vitesseMoteur': 32754, 'cmptErrTransmission': 0, 'regul': 150, 'status': 32, 'numRecette': 7, 'modeIrp': 17}
1656484160.1683297;282;427.5770263671875;64.73089584350586;6.38060998916626;0.31403961181640627;0.22954218384221936;2.90852427482605;0.4740346670150757;2.1558082053908123;19500;0.1;6;44;{'flagErreur': {'lampOFF': 0, 'regulationError': 0, 'signalOverflow': 0, 'signalUnderflow': 0, 'engineOFF': 0, 'messageNotRefreshed': 0}, 'temperature': 280, 'vitesseMoteur': 32745, 'cmptErrTransmission': 0, 'regul': 150, 'status': 32, 'numRecette': 7, 'modeIrp': 17}
1656484161.1675425;284;429.8782043457031;65.35864212036132;6.6400909423828125;0.31384429931640623;0.23013606380408916;2.9523284435272217;0.47603797912597656;2.1673976367266916;19500;0.1;6;44;{'flagErreur': {'lampOFF': 0, 'regulationError': 0, 'signalOverflow': 0, 'signalUnderflow': 0, 'engineOFF': 0, 'messageNotRefreshed': 0}, 'temperature': 280, 'vitesseMoteur': 32793, 'cmptErrTransmission': 0, 'regul': 150, 'status': 32, 'numRecette': 7, 'modeIrp': 17}
1656484162.1692238;286;434.3193359375;65.98592788696288;6.836546897888184;0.31355560302734375;0.2307200275767933;3.0796849727630615;0.4762895703315735;2.189776489208584;19500;0.1;6;44;{'flagErreur': {'lampOFF': 0, 'regulationError': 0, 'signalOverflow': 0, 'signalUnderflow': 0, 'engineOFF': 0, 'messageNotRefreshed': 0}, 'temperature': 280, 'vitesseMoteur': 32789, 'cmptErrTransmission': 0, 'regul': 150, 'status': 32, 'numRecette': 7, 'modeIrp': 17}
1656484163.1689897;288;436.3360595703125;66.6129081726074;5.933541297912598;0.3134805297851562;0.23129482004377572;2.9806714057922363;0.4740346670150757;2.199931832302235;19500;0.1;6;44;{'flagErreur': {'lampOFF': 0, 'regulationError': 0, 'signalOverflow': 0, 'signalUnderflow': 0, 'engineOFF': 0, 'messageNotRefreshed': 0}, 'temperature': 290, 'vitesseMoteur': 32762, 'cmptErrTransmission': 0, 'regul': 150, 'status': 32, 'numRecette': 7, 'modeIrp': 17}
1656484164.168152;290;440.8103942871094;67.24034469604491;6.765262126922607;0.3138031005859375;0.23186325757256868;3.074598550796509;0.4737854301929474;2.222477983372831;19500;0.1;6;44;{'flagErreur': {'lampOFF': 0, 'regulationError': 0, 'signalOverflow': 0, 'signalUnderflow': 0, 'engineOFF': 0, 'messageNotRefreshed': 0}, 'temperature': 280, 'vitesseMoteur': 32733, 'cmptErrTransmission': 0, 'regul': 150, 'status': 32, 'numRecette': 7, 'modeIrp': 17}
1656484165.1682057;292;442.955078125;67.86827896118163;6.283533096313477;0.314012451171875;0.232425612880759;2.9974355697631836;0.47603797912597656;2.2332784458538883;19500;0.1;6;44;{'flagErreur': {'lampOFF': 0, 'regulationError': 0, 'signalOverflow': 0, 'signalUnderflow': 0, 'engineOFF': 0, 'messageNotRefreshed': 0}, 'temperature': 290, 'vitesseMoteur': 32752, 'cmptErrTransmission': 0, 'regul': 151, 'status': 32, 'numRecette': 7, 'modeIrp': 17}
1656484166.168456;294;445.0800476074219;68.49682357788085;6.154367923736572;0.3143907165527344;0.2329823931220437;3.036457061767578;0.4742841422557831;2.243979517115279;19500;0.1;6;44;{'flagErreur': {'lampOFF': 0, 'regulationError': 0, 'signalOverflow': 0, 'signalUnderflow': 0, 'engineOFF': 0, 'messageNotRefreshed': 0}, 'temperature': 290, 'vitesseMoteur': 32784, 'cmptErrTransmission': 0, 'regul': 150, 'status': 32, 'numRecette': 7, 'modeIrp': 17}
1656484167.1677256;296;449.3006591796875;69.12600692749022;6.152133941650391;0.3146522521972656;0.23353380718746697;3.0038790702819824;0.4737854301929474;2.2652462218584484;19500;0.1;6;44;{'flagErreur': {'lampOFF': 0, 'regulationError': 0, 'signalOverflow': 0, 'signalUnderflow': 0, 'engineOFF': 0, 'messageNotRefreshed': 0}, 'temperature': 290, 'vitesseMoteur': 32799, 'cmptErrTransmission': 0, 'regul': 150, 'status': 32, 'numRecette': 7, 'modeIrp': 17}
1656484168.1681712;298;451.3777160644531;69.756202545166;6.085317134857178;0.3152252197265625;0.2340812165945168;2.996793031692505;0.47603797912597656;2.275705648860681;19500;0.1;6;44;{'flagErreur': {'lampOFF': 0, 'regulationError': 0, 'signalOverflow': 0, 'signalUnderflow': 0, 'engineOFF': 0, 'messageNotRefreshed': 0}, 'temperature': 290, 'vitesseMoteur': 32757, 'cmptErrTransmission': 0, 'regul': 150, 'status': 32, 'numRecette': 7, 'modeIrp': 17}
1656484169.1689658;300;455.6294250488281;70.38735885620116;5.901656150817871;0.3156646728515625;0.23462452952067053;2.9026341438293457;0.4762895703315735;2.2971289125616825;19500;0.1;6;44;{'flagErreur': {'lampOFF': 0, 'regulationError': 0, 'signalOverflow': 0, 'signalUnderflow': 0, 'engineOFF': 0, 'messageNotRefreshed': 0}, 'temperature': 290, 'vitesseMoteur': 32736, 'cmptErrTransmission': 0, 'regul': 150, 'status': 32, 'numRecette': 7, 'modeIrp': 17}
1656484170.1678295;302;457.7630310058594;71.01865524291992;6.274123191833496;0.3155781555175781;0.23516111007589377;2.96618390083313;0.4742841422557831;2.307873400116389;19500;0.1;6;44;{'flagErreur': {'lampOFF': 0, 'regulationError': 0, 'signalOverflow': 0, 'signalUnderflow': 0, 'engineOFF': 0, 'messageNotRefreshed': 0}, 'temperature': 290, 'vitesseMoteur': 32770, 'cmptErrTransmission': 0, 'regul': 151, 'status': 32, 'numRecette': 7, 'modeIrp': 17}
1656484171.16786;304;459.8756103515625;71.6491520690918;6.186185359954834;0.31513442993164065;0.23568800022727565;2.9281585216522217;0.4762895703315735;2.318511989416235;19500;0.1;6;44;{'flagErreur': {'lampOFF': 0, 'regulationError': 0, 'signalOverflow': 0, 'signalUnderflow': 0, 'engineOFF': 0, 'messageNotRefreshed': 0}, 'temperature': 290, 'vitesseMoteur': 32800, 'cmptErrTransmission': 0, 'regul': 151, 'status': 32, 'numRecette': 7, 'modeIrp': 17}
1656484172.169054;306;464.18927001953125;72.27903396606445;5.945659160614014;0.3148844909667969;0.2362059933531518;2.9270474910736084;0.47603797912597656;2.3402475978127644;19500;0.1;6;44;{'flagErreur': {'lampOFF': 0, 'regulationError': 0, 'signalOverflow': 0, 'signalUnderflow': 0, 'engineOFF': 0, 'messageNotRefreshed': 0}, 'temperature': 290, 'vitesseMoteur': 32765, 'cmptErrTransmission': 0, 'regul': 151, 'status': 32, 'numRecette': 7, 'modeIrp': 17}
1656484173.167593;308;466.3192138671875;72.90805038452147;6.266676425933838;0.31432998657226563;0.2367144493003944;2.9682867527008057;0.4740346670150757;2.350973883141505;19500;0.1;6;44;{'flagErreur': {'lampOFF': 0, 'regulationError': 0, 'signalOverflow': 0, 'signalUnderflow': 0, 'engineOFF': 0, 'messageNotRefreshed': 0}, 'temperature': 290, 'vitesseMoteur': 32739, 'cmptErrTransmission': 0, 'regul': 150, 'status': 32, 'numRecette': 7, 'modeIrp': 17}
1656484174.1684277;310;470.6155700683594;73.5357632446289;6.174473762512207;0.3136756896972656;0.2372121394988029;2.962726593017578;0.4742841422557831;2.372622346163375;19500;0.1;6;44;{'flagErreur': {'lampOFF': 0, 'regulationError': 0, 'signalOverflow': 0, 'signalUnderflow': 0, 'engineOFF': 0, 'messageNotRefreshed': 0}, 'temperature': 290, 'vitesseMoteur': 32769, 'cmptErrTransmission': 0, 'regul': 151, 'status': 32, 'numRecette': 7, 'modeIrp': 17}
1656484175.1689074;312;472.6855773925781;74.16196136474609;6.064669609069824;0.3129328918457031;0.23769859411777594;2.9686381816864014;0.47603797912597656;2.383046713743458;19500;0.1;6;44;{'flagErreur': {'lampOFF': 0, 'regulationError': 0, 'signalOverflow': 0, 'signalUnderflow': 0, 'engineOFF': 0, 'messageNotRefreshed': 0}, 'temperature': 290, 'vitesseMoteur': 32808, 'cmptErrTransmission': 0, 'regul': 150, 'status': 32, 'numRecette': 7, 'modeIrp': 17}
1656484176.1698558;314;474.7932434082031;74.78719329833983;6.201146125793457;0.31251174926757813;0.23817577483547717;2.937281847000122;0.4740346670150757;2.3936610577825;19500;0.1;6;44;{'flagErreur': {'lampOFF': 0, 'regulationError': 0, 'signalOverflow': 0, 'signalUnderflow': 0, 'engineOFF': 0, 'messageNotRefreshed': 0}, 'temperature': 290, 'vitesseMoteur': 32772, 'cmptErrTransmission': 0, 'regul': 151, 'status': 32, 'numRecette': 7, 'modeIrp': 17}
1656484177.1690433;316;479.0646667480469;75.4113229370117;6.169938087463379;0.3119134521484375;0.23864342701585983;2.9403655529022217;0.47478392720222473;2.415184019954545;19500;0.1;6;44;{'flagErreur': {'lampOFF': 0, 'regulationError': 0, 'signalOverflow': 0, 'signalUnderflow': 0, 'engineOFF': 0, 'messageNotRefreshed': 0}, 'temperature': 290, 'vitesseMoteur': 32735, 'cmptErrTransmission': 0, 'regul': 150, 'status': 32, 'numRecette': 7, 'modeIrp': 17}
1656484178.1685438;318;481.1131591796875;76.0348107910156;5.9953484535217285;0.31174041748046877;0.23910317858809937;2.9188528060913086;0.4765414595603943;2.4255002138523567;19500;0.1;6;44;{'flagErreur': {'lampOFF': 0, 'regulationError': 0, 'signalOverflow': 0, 'signalUnderflow': 0, 'engineOFF': 0, 'messageNotRefreshed': 0}, 'temperature': 290, 'vitesseMoteur': 32747, 'cmptErrTransmission': 0, 'regul': 151, 'status': 32, 'numRecette': 7, 'modeIrp': 17}
